date,solvedCount,correctCount,correctRate
2020-01-01,10,1,10.0
2020-01-02,0,0,0.0
2020-01-03,3,1,33.33
2020-01-04,2,2,100.0
2020-01-05,1,0,0.0
2020-01-06,9,6,66.67
2020-01-07,0,0,0.0
2020-01-08,1,0,0.0
2020-01-09,3,0,0.0
2020-01-10,8,3,37.5
2020-01-11,10,8,80.0
2020-01-12,6,1,16.67
2020-01-13,7,4,57.14
2020-01-14,0,0,0.0
2020-01-15,6,2,33.33
2020-01-16,4,1,25.0
2020-01-17,3,2,66.67
2020-01-18,1,0,0.0
2020-01-19,6,0,0.0
2020-01-20,5,2,40.0
2020-01-21,9,4,44.44
2020-01-22,0,0,0.0
2020-01-23,8,1,12.5
2020-01-24,6,0,0.0
2020-01-25,8,4,50.0
2020-01-26,10,9,90.0
2020-01-27,5,4,80.0
2020-01-28,3,0,0.0
2020-01-29,0,0,0.0
2020-01-30,4,0,0.0
2020-01-31,3,0,0.0
2020-02-01,6,2,33.33
2020-02-02,7,5,71.43
2020-02-03,2,1,50.0
2020-02-04,5,1,20.0
2020-02-05,10,4,40.0
2020-02-06,10,10,100.0
2020-02-07,1,0,0.0
2020-02-08,8,3,37.5
2020-02-09,2,1,50.0
2020-02-10,6,2,33.33
2020-02-11,10,8,80.0
2020-02-12,3,2,66.67
2020-02-13,0,0,0.0
2020-02-14,0,0,0.0
2020-02-15,6,2,33.33
2020-02-16,1,0,0.0
2020-02-17,9,5,55.56
2020-02-18,3,3,100.0
2020-02-19,6,5,83.33
2020-02-20,7,2,28.57
2020-02-21,4,1,25.0
2020-02-22,3,2,66.67
2020-02-23,9,6,66.67
2020-02-24,9,6,66.67
2020-02-25,5,1,20.0
2020-02-26,2,2,100.0
2020-02-27,7,1,14.29
2020-02-28,0,0,0.0
2020-02-29,2,2,100.0
2020-03-01,2,2,100.0
2020-03-02,6,4,66.67
2020-03-03,1,1,100.0
2020-03-04,6,4,66.67
2020-03-05,7,4,57.14
2020-03-06,8,0,0.0
2020-03-07,10,1,10.0
2020-03-08,10,8,80.0
2020-03-09,4,2,50.0
2020-03-10,1,1,100.0
2020-03-11,6,1,16.67
2020-03-12,7,0,0.0
2020-03-13,4,4,100.0
2020-03-14,2,2,100.0
2020-03-15,1,1,100.0
2020-03-16,10,8,80.0
2020-03-17,9,3,33.33
2020-03-18,2,1,50.0
2020-03-19,2,2,100.0
2020-03-20,8,0,0.0
2020-03-21,9,5,55.56
2020-03-22,7,0,0.0
2020-03-23,1,1,100.0
2020-03-24,4,1,25.0
2020-03-25,0,0,0.0
2020-03-26,9,1,11.11
2020-03-27,1,1,100.0
2020-03-28,1,0,0.0
2020-03-29,2,2,100.0
2020-03-30,7,2,28.57
2020-03-31,4,4,100.0
2020-04-01,9,6,66.67
2020-04-02,3,1,33.33
2020-04-03,4,3,75.0
2020-04-04,10,10,100.0
2020-04-05,5,3,60.0
2020-04-06,8,7,87.5
2020-04-07,1,0,0.0
2020-04-08,3,0,0.0
2020-04-09,5,0,0.0
2020-04-10,9,8,88.89
2020-04-11,3,1,33.33
2020-04-12,0,0,0.0
2020-04-13,10,0,0.0
2020-04-14,3,0,0.0
2020-04-15,0,0,0.0
2020-04-16,1,0,0.0
2020-04-17,4,3,75.0
2020-04-18,3,1,33.33
2020-04-19,9,9,100.0
2020-04-20,7,3,42.86
2020-04-21,7,6,85.71
2020-04-22,3,0,0.0
2020-04-23,1,1,100.0
2020-04-24,5,3,60.0
2020-04-25,6,3,50.0
2020-04-26,0,0,0.0
2020-04-27,0,0,0.0
2020-04-28,5,0,0.0
2020-04-29,3,1,33.33
2020-04-30,3,3,100.0
2020-05-01,2,1,50.0
2020-05-02,2,1,50.0
2020-05-03,7,3,42.86
2020-05-04,1,1,100.0
2020-05-05,8,1,12.5
2020-05-06,0,0,0.0
2020-05-07,1,0,0.0
2020-05-08,2,1,50.0
2020-05-09,7,7,100.0
2020-05-10,3,3,100.0
2020-05-11,0,0,0.0
2020-05-12,6,0,0.0
2020-05-13,6,2,33.33
2020-05-14,7,4,57.14
2020-05-15,6,5,83.33
2020-05-16,8,7,87.5
2020-05-17,2,0,0.0
2020-05-18,4,1,25.0
2020-05-19,0,0,0.0
2020-05-20,5,0,0.0
2020-05-21,0,0,0.0
2020-05-22,8,8,100.0
2020-05-23,2,0,0.0
2020-05-24,8,1,12.5
2020-05-25,2,0,0.0
2020-05-26,9,1,11.11
2020-05-27,10,3,30.0
2020-05-28,6,0,0.0
2020-05-29,9,3,33.33
2020-05-30,9,9,100.0
2020-05-31,0,0,0.0
2020-06-01,6,5,83.33
2020-06-02,9,9,100.0
2020-06-03,8,5,62.5
2020-06-04,4,1,25.0
2020-06-05,10,5,50.0
2020-06-06,3,2,66.67
2020-06-07,6,1,16.67
2020-06-08,10,10,100.0
2020-06-09,4,3,75.0
2020-06-10,5,0,0.0
2020-06-11,0,0,0.0
2020-06-12,9,9,100.0
2020-06-13,1,0,0.0
2020-06-14,8,3,37.5
2020-06-15,8,4,50.0
2020-06-16,2,1,50.0
2020-06-17,1,0,0.0
2020-06-18,5,2,40.0
2020-06-19,2,1,50.0
2020-06-20,8,4,50.0
2020-06-21,9,8,88.89
2020-06-22,0,0,0.0
2020-06-23,10,1,10.0
2020-06-24,2,1,50.0
2020-06-25,1,0,0.0
2020-06-26,8,2,25.0
2020-06-27,4,2,50.0
2020-06-28,9,3,33.33
2020-06-29,5,1,20.0
2020-06-30,10,10,100.0
2020-07-01,4,4,100.0
2020-07-02,7,4,57.14
2020-07-03,0,0,0.0
2020-07-04,10,6,60.0
2020-07-05,4,0,0.0
2020-07-06,0,0,0.0
2020-07-07,2,2,100.0
2020-07-08,4,1,25.0
2020-07-09,7,6,85.71
2020-07-10,8,0,0.0
2020-07-11,1,0,0.0
2020-07-12,2,2,100.0
2020-07-13,0,0,0.0
2020-07-14,9,8,88.89
2020-07-15,2,1,50.0
2020-07-16,2,0,0.0
2020-07-17,4,2,50.0
2020-07-18,0,0,0.0
2020-07-19,3,1,33.33
2020-07-20,10,1,10.0
2020-07-21,5,4,80.0
2020-07-22,6,4,66.67
2020-07-23,2,0,0.0
2020-07-24,2,0,0.0
2020-07-25,6,0,0.0
2020-07-26,2,2,100.0
2020-07-27,5,3,60.0
2020-07-28,10,3,30.0
2020-07-29,4,1,25.0
2020-07-30,1,1,100.0
2020-07-31,0,0,0.0
2020-08-01,3,1,33.33
2020-08-02,7,5,71.43
2020-08-03,4,1,25.0
2020-08-04,3,0,0.0
2020-08-05,10,3,30.0
2020-08-06,6,2,33.33
2020-08-07,4,0,0.0
2020-08-08,4,2,50.0
2020-08-09,10,8,80.0
2020-08-10,6,5,83.33
2020-08-11,8,5,62.5
2020-08-12,0,0,0.0
2020-08-13,4,1,25.0
2020-08-14,9,4,44.44
2020-08-15,0,0,0.0
2020-08-16,9,6,66.67
2020-08-17,5,5,100.0
2020-08-18,5,3,60.0
2020-08-19,9,8,88.89
2020-08-20,1,1,100.0
2020-08-21,9,3,33.33
2020-08-22,4,0,0.0
2020-08-23,6,0,0.0
2020-08-24,8,8,100.0
2020-08-25,10,10,100.0
2020-08-26,3,2,66.67
2020-08-27,6,0,0.0
2020-08-28,10,5,50.0
2020-08-29,9,5,55.56
2020-08-30,10,1,10.0
2020-08-31,4,4,100.0
2020-09-01,4,3,75.0
2020-09-02,5,3,60.0
2020-09-03,4,4,100.0
2020-09-04,2,0,0.0
2020-09-05,6,5,83.33
2020-09-06,6,5,83.33
2020-09-07,2,2,100.0
2020-09-08,9,4,44.44
2020-09-09,6,4,66.67
2020-09-10,0,0,0.0
2020-09-11,4,1,25.0
2020-09-12,6,6,100.0
2020-09-13,9,9,100.0
2020-09-14,10,5,50.0
2020-09-15,7,7,100.0
2020-09-16,7,3,42.86
2020-09-17,8,7,87.5
2020-09-18,2,2,100.0
2020-09-19,1,1,100.0
2020-09-20,8,5,62.5
2020-09-21,1,0,0.0
2020-09-22,10,4,40.0
2020-09-23,3,1,33.33
2020-09-24,2,0,0.0
2020-09-25,0,0,0.0
2020-09-26,7,1,14.29
2020-09-27,7,6,85.71
2020-09-28,10,9,90.0
2020-09-29,3,3,100.0
2020-09-30,7,6,85.71
2020-10-01,3,1,33.33
2020-10-02,10,0,0.0
2020-10-03,1,1,100.0
2020-10-04,3,1,33.33
2020-10-05,8,7,87.5
2020-10-06,0,0,0.0
2020-10-07,1,1,100.0
2020-10-08,2,1,50.0
2020-10-09,10,8,80.0
2020-10-10,8,5,62.5
2020-10-11,7,6,85.71
2020-10-12,8,7,87.5
2020-10-13,2,2,100.0
2020-10-14,7,7,100.0
2020-10-15,4,1,25.0
2020-10-16,10,4,40.0
2020-10-17,8,7,87.5
2020-10-18,10,3,30.0
2020-10-19,4,3,75.0
2020-10-20,1,1,100.0
2020-10-21,3,2,66.67
2020-10-22,5,2,40.0
2020-10-23,8,1,12.5
2020-10-24,2,0,0.0
2020-10-25,3,3,100.0
2020-10-26,2,2,100.0
2020-10-27,3,0,0.0
2020-10-28,6,3,50.0
2020-10-29,5,4,80.0
2020-10-30,7,6,85.71
2020-10-31,0,0,0.0
2020-11-01,6,3,50.0
2020-11-02,9,0,0.0
2020-11-03,9,6,66.67
2020-11-04,7,0,0.0
2020-11-05,5,2,40.0
2020-11-06,6,6,100.0
2020-11-07,6,4,66.67
2020-11-08,8,3,37.5
2020-11-09,7,3,42.86
2020-11-10,4,3,75.0
2020-11-11,7,0,0.0
2020-11-12,6,2,33.33
2020-11-13,10,10,100.0
2020-11-14,6,5,83.33
2020-11-15,2,1,50.0
2020-11-16,2,2,100.0
2020-11-17,8,0,0.0
2020-11-18,6,4,66.67
2020-11-19,9,0,0.0
2020-11-20,1,1,100.0
2020-11-21,2,1,50.0
2020-11-22,2,0,0.0
2020-11-23,4,3,75.0
2020-11-24,5,1,20.0
2020-11-25,7,5,71.43
2020-11-26,5,3,60.0
2020-11-27,4,3,75.0
2020-11-28,4,0,0.0
2020-11-29,7,0,0.0
2020-11-30,8,0,0.0
2020-12-01,5,1,20.0
2020-12-02,10,1,10.0
2020-12-03,10,0,0.0
2020-12-04,0,0,0.0
2020-12-05,3,0,0.0
2020-12-06,9,2,22.22
2020-12-07,3,1,33.33
2020-12-08,7,1,14.29
2020-12-09,9,3,33.33
2020-12-10,7,4,57.14
2020-12-11,5,1,20.0
2020-12-12,9,9,100.0
2020-12-13,1,0,0.0
2020-12-14,4,0,0.0
2020-12-15,9,0,0.0
2020-12-16,4,4,100.0
2020-12-17,10,6,60.0
2020-12-18,6,5,83.33
2020-12-19,3,0,0.0
2020-12-20,9,3,33.33
2020-12-21,1,1,100.0
2020-12-22,10,9,90.0
2020-12-23,1,0,0.0
2020-12-24,5,4,80.0
2020-12-25,6,5,83.33
2020-12-26,5,0,0.0
2020-12-27,8,5,62.5
2020-12-28,0,0,0.0
2020-12-29,7,1,14.29
2020-12-30,6,2,33.33
2020-12-31,10,7,70.0
2021-01-01,2,1,50.0
2021-01-02,2,2,100.0
2021-01-03,8,4,50.0
2021-01-04,9,8,88.89
2021-01-05,7,7,100.0
2021-01-06,6,6,100.0
2021-01-07,9,4,44.44
2021-01-08,5,1,20.0
2021-01-09,1,1,100.0
2021-01-10,7,3,42.86
2021-01-11,7,6,85.71
2021-01-12,5,0,0.0
2021-01-13,7,5,71.43
2021-01-14,2,1,50.0
2021-01-15,3,2,66.67
2021-01-16,4,2,50.0
2021-01-17,4,4,100.0
2021-01-18,4,4,100.0
2021-01-19,0,0,0.0
2021-01-20,1,0,0.0
2021-01-21,6,3,50.0
2021-01-22,8,3,37.5
2021-01-23,7,7,100.0
2021-01-24,7,0,0.0
2021-01-25,1,1,100.0
2021-01-26,3,3,100.0
2021-01-27,3,2,66.67
2021-01-28,10,9,90.0
2021-01-29,5,3,60.0
2021-01-30,8,8,100.0
2021-01-31,5,3,60.0
2021-02-01,8,5,62.5
2021-02-02,5,5,100.0
2021-02-03,7,4,57.14
2021-02-04,4,2,50.0
2021-02-05,3,0,0.0
2021-02-06,3,2,66.67
2021-02-07,1,0,0.0
2021-02-08,3,1,33.33
2021-02-09,7,4,57.14
2021-02-10,9,8,88.89
2021-02-11,9,4,44.44
2021-02-12,1,0,0.0
2021-02-13,4,1,25.0
2021-02-14,5,1,20.0
2021-02-15,4,0,0.0
2021-02-16,8,2,25.0
2021-02-17,4,0,0.0
2021-02-18,0,0,0.0
2021-02-19,2,2,100.0
2021-02-20,7,1,14.29
2021-02-21,0,0,0.0
2021-02-22,7,7,100.0
2021-02-23,7,5,71.43
2021-02-24,2,0,0.0
2021-02-25,4,3,75.0
2021-02-26,1,0,0.0
2021-02-27,6,3,50.0
2021-02-28,1,0,0.0
2021-03-01,2,0,0.0
2021-03-02,9,4,44.44
2021-03-03,1,0,0.0
2021-03-04,1,1,100.0
2021-03-05,9,9,100.0
2021-03-06,9,3,33.33
2021-03-07,8,6,75.0
2021-03-08,7,7,100.0
2021-03-09,4,4,100.0
2021-03-10,6,2,33.33
2021-03-11,9,9,100.0
2021-03-12,0,0,0.0
2021-03-13,3,1,33.33
2021-03-14,4,0,0.0
2021-03-15,2,0,0.0
2021-03-16,2,2,100.0
2021-03-17,1,0,0.0
2021-03-18,0,0,0.0
2021-03-19,7,7,100.0
2021-03-20,4,0,0.0
2021-03-21,3,2,66.67
2021-03-22,4,3,75.0
2021-03-23,1,0,0.0
2021-03-24,4,4,100.0
2021-03-25,10,3,30.0
2021-03-26,6,0,0.0
2021-03-27,8,3,37.5
2021-03-28,10,2,20.0
2021-03-29,4,1,25.0
2021-03-30,1,0,0.0
2021-03-31,2,1,50.0
2021-04-01,9,9,100.0
2021-04-02,4,3,75.0
2021-04-03,1,1,100.0
2021-04-04,4,3,75.0
2021-04-05,4,4,100.0
2021-04-06,8,7,87.5
2021-04-07,7,1,14.29
2021-04-08,9,0,0.0
2021-04-09,6,5,83.33
2021-04-10,5,4,80.0
2021-04-11,4,0,0.0
2021-04-12,1,0,0.0
2021-04-13,10,9,90.0
2021-04-14,9,0,0.0
2021-04-15,10,4,40.0
2021-04-16,9,0,0.0
2021-04-17,2,1,50.0
2021-04-18,8,7,87.5
2021-04-19,4,1,25.0
2021-04-20,9,6,66.67
2021-04-21,10,7,70.0
2021-04-22,1,1,100.0
2021-04-23,5,3,60.0
2021-04-24,5,2,40.0
2021-04-25,10,1,10.0
2021-04-26,2,1,50.0
2021-04-27,6,5,83.33
2021-04-28,7,4,57.14
2021-04-29,10,6,60.0
2021-04-30,8,0,0.0
2021-05-01,7,1,14.29
2021-05-02,5,2,40.0
2021-05-03,5,0,0.0
2021-05-04,6,6,100.0
2021-05-05,8,0,0.0
2021-05-06,10,8,80.0
2021-05-07,7,6,85.71
2021-05-08,0,0,0.0
2021-05-09,8,5,62.5
2021-05-10,9,7,77.78
2021-05-11,10,7,70.0
2021-05-12,0,0,0.0
2021-05-13,4,4,100.0
2021-05-14,2,1,50.0
2021-05-15,7,7,100.0
2021-05-16,1,0,0.0
2021-05-17,10,9,90.0
2021-05-18,3,1,33.33
2021-05-19,4,4,100.0
2021-05-20,0,0,0.0
2021-05-21,1,0,0.0
2021-05-22,1,1,100.0
2021-05-23,1,0,0.0
2021-05-24,7,4,57.14
2021-05-25,8,4,50.0
2021-05-26,6,6,100.0
2021-05-27,7,7,100.0
2021-05-28,3,3,100.0
2021-05-29,8,2,25.0
2021-05-30,6,1,16.67
2021-05-31,9,8,88.89
2021-06-01,2,0,0.0
2021-06-02,4,3,75.0
2021-06-03,5,4,80.0
2021-06-04,4,0,0.0
2021-06-05,4,2,50.0
2021-06-06,9,9,100.0
2021-06-07,10,7,70.0
2021-06-08,2,1,50.0
2021-06-09,8,7,87.5
2021-06-10,5,2,40.0
2021-06-11,8,8,100.0
2021-06-12,6,3,50.0
2021-06-13,5,1,20.0
2021-06-14,3,3,100.0
2021-06-15,3,3,100.0
2021-06-16,0,0,0.0
2021-06-17,7,6,85.71
2021-06-18,6,5,83.33
2021-06-19,10,2,20.0
2021-06-20,7,0,0.0
2021-06-21,2,2,100.0
2021-06-22,9,5,55.56
2021-06-23,1,1,100.0
2021-06-24,1,1,100.0
2021-06-25,0,0,0.0
2021-06-26,6,6,100.0
2021-06-27,10,2,20.0
2021-06-28,1,1,100.0
2021-06-29,4,2,50.0
2021-06-30,9,6,66.67
2021-07-01,10,1,10.0
2021-07-02,5,5,100.0
2021-07-03,8,6,75.0
2021-07-04,5,5,100.0
2021-07-05,7,0,0.0
2021-07-06,9,1,11.11
2021-07-07,3,2,66.67
2021-07-08,3,0,0.0
2021-07-09,6,0,0.0
2021-07-10,10,1,10.0
2021-07-11,7,2,28.57
2021-07-12,4,0,0.0
2021-07-13,0,0,0.0
2021-07-14,0,0,0.0
2021-07-15,5,2,40.0
2021-07-16,6,1,16.67
2021-07-17,3,3,100.0
2021-07-18,9,2,22.22
2021-07-19,2,0,0.0
2021-07-20,1,1,100.0
2021-07-21,9,3,33.33
2021-07-22,7,2,28.57
2021-07-23,3,3,100.0
2021-07-24,10,4,40.0
2021-07-25,7,4,57.14
2021-07-26,10,0,0.0
2021-07-27,7,4,57.14
2021-07-28,10,8,80.0
2021-07-29,2,0,0.0
2021-07-30,7,5,71.43
2021-07-31,9,4,44.44
2021-08-01,10,6,60.0
2021-08-02,4,3,75.0
2021-08-03,4,1,25.0
2021-08-04,6,6,100.0
2021-08-05,7,1,14.29
2021-08-06,3,3,100.0
2021-08-07,9,5,55.56
2021-08-08,9,4,44.44
2021-08-09,4,0,0.0
2021-08-10,10,6,60.0
2021-08-11,4,0,0.0
2021-08-12,9,0,0.0
2021-08-13,9,7,77.78
2021-08-14,4,1,25.0
2021-08-15,9,5,55.56
2021-08-16,3,1,33.33
2021-08-17,9,4,44.44
2021-08-18,10,10,100.0
2021-08-19,10,2,20.0
2021-08-20,10,1,10.0
2021-08-21,10,10,100.0
2021-08-22,0,0,0.0
2021-08-23,7,0,0.0
2021-08-24,9,5,55.56
2021-08-25,2,0,0.0
2021-08-26,4,2,50.0
2021-08-27,6,1,16.67
2021-08-28,3,1,33.33
2021-08-29,8,5,62.5
2021-08-30,8,8,100.0
2021-08-31,4,1,25.0
2021-09-01,4,3,75.0
2021-09-02,4,2,50.0
2021-09-03,1,1,100.0
2021-09-04,1,0,0.0
2021-09-05,3,3,100.0
2021-09-06,8,5,62.5
2021-09-07,1,1,100.0
2021-09-08,0,0,0.0
2021-09-09,8,1,12.5
2021-09-10,7,5,71.43
2021-09-11,10,10,100.0
2021-09-12,4,4,100.0
2021-09-13,6,6,100.0
2021-09-14,10,5,50.0
2021-09-15,1,0,0.0
2021-09-16,7,0,0.0
2021-09-17,9,8,88.89
2021-09-18,5,4,80.0
2021-09-19,3,0,0.0
2021-09-20,10,7,70.0
2021-09-21,4,3,75.0
2021-09-22,1,0,0.0
2021-09-23,0,0,0.0
2021-09-24,4,3,75.0
2021-09-25,1,0,0.0
2021-09-26,3,1,33.33
2021-09-27,6,3,50.0
2021-09-28,5,5,100.0
2021-09-29,8,6,75.0
2021-09-30,9,2,22.22
2021-10-01,6,5,83.33
2021-10-02,1,1,100.0
2021-10-03,9,6,66.67
2021-10-04,4,0,0.0
2021-10-05,5,1,20.0
2021-10-06,7,7,100.0
2021-10-07,3,2,66.67
2021-10-08,1,1,100.0
2021-10-09,8,5,62.5
2021-10-10,0,0,0.0
2021-10-11,4,1,25.0
2021-10-12,1,1,100.0
2021-10-13,1,0,0.0
2021-10-14,10,10,100.0
2021-10-15,9,0,0.0
2021-10-16,0,0,0.0
2021-10-17,3,1,33.33
2021-10-18,9,3,33.33
2021-10-19,1,0,0.0
2021-10-20,9,3,33.33
2021-10-21,3,2,66.67
2021-10-22,2,2,100.0
2021-10-23,0,0,0.0
2021-10-24,2,0,0.0
2021-10-25,8,4,50.0
2021-10-26,2,0,0.0
2021-10-27,10,0,0.0
2021-10-28,2,0,0.0
2021-10-29,5,1,20.0
2021-10-30,9,5,55.56
2021-10-31,0,0,0.0
2021-11-01,4,0,0.0
2021-11-02,2,2,100.0
2021-11-03,6,4,66.67
2021-11-04,1,0,0.0
2021-11-05,7,7,100.0
2021-11-06,5,4,80.0
2021-11-07,9,1,11.11
2021-11-08,7,3,42.86
2021-11-09,9,0,0.0
2021-11-10,10,8,80.0
2021-11-11,4,3,75.0
2021-11-12,10,0,0.0
2021-11-13,0,0,0.0
2021-11-14,6,3,50.0
2021-11-15,10,1,10.0
2021-11-16,7,7,100.0
2021-11-17,1,0,0.0
2021-11-18,5,4,80.0
2021-11-19,2,0,0.0
2021-11-20,2,1,50.0
2021-11-21,9,9,100.0
2021-11-22,8,5,62.5
2021-11-23,6,4,66.67
2021-11-24,8,4,50.0
2021-11-25,7,6,85.71
2021-11-26,1,0,0.0
2021-11-27,10,10,100.0
2021-11-28,8,3,37.5
2021-11-29,6,3,50.0
2021-11-30,3,3,100.0
2021-12-01,5,3,60.0
2021-12-02,6,3,50.0
2021-12-03,1,1,100.0
2021-12-04,6,2,33.33
2021-12-05,10,4,40.0
2021-12-06,5,1,20.0
2021-12-07,10,7,70.0
2021-12-08,1,0,0.0
2021-12-09,1,0,0.0
2021-12-10,6,0,0.0
2021-12-11,5,1,20.0
2021-12-12,8,0,0.0
2021-12-13,9,8,88.89
2021-12-14,8,5,62.5
2021-12-15,10,1,10.0
2021-12-16,6,2,33.33
2021-12-17,10,6,60.0
2021-12-18,0,0,0.0
2021-12-19,9,4,44.44
2021-12-20,5,0,0.0
2021-12-21,9,8,88.89
2021-12-22,3,1,33.33
2021-12-23,10,7,70.0
2021-12-24,3,0,0.0
2021-12-25,5,4,80.0
2021-12-26,5,0,0.0
2021-12-27,4,4,100.0
2021-12-28,3,3,100.0
2021-12-29,8,8,100.0
2021-12-30,0,0,0.0
2021-12-31,0,0,0.0
2022-01-01,4,2,50.0
2022-01-02,5,2,40.0
2022-01-03,0,0,0.0
2022-01-04,2,2,100.0
2022-01-05,10,6,60.0
2022-01-06,1,0,0.0
2022-01-07,10,0,0.0
2022-01-08,1,0,0.0
2022-01-09,6,3,50.0
2022-01-10,7,5,71.43
2022-01-11,2,1,50.0
2022-01-12,4,2,50.0
2022-01-13,9,9,100.0
2022-01-14,1,0,0.0
2022-01-15,2,0,0.0
2022-01-16,9,0,0.0
2022-01-17,10,1,10.0
2022-01-18,4,3,75.0
2022-01-19,10,6,60.0
2022-01-20,7,7,100.0
2022-01-21,6,2,33.33
2022-01-22,3,0,0.0
2022-01-23,5,3,60.0
2022-01-24,1,1,100.0
2022-01-25,10,10,100.0
2022-01-26,9,7,77.78
2022-01-27,8,4,50.0
2022-01-28,0,0,0.0
2022-01-29,6,4,66.67
2022-01-30,0,0,0.0
2022-01-31,3,2,66.67
2022-02-01,3,1,33.33
2022-02-02,4,2,50.0
2022-02-03,5,0,0.0
2022-02-04,0,0,0.0
2022-02-05,6,1,16.67
2022-02-06,2,1,50.0
2022-02-07,8,3,37.5
2022-02-08,8,8,100.0
2022-02-09,10,5,50.0
2022-02-10,1,1,100.0
2022-02-11,0,0,0.0
2022-02-12,0,0,0.0
2022-02-13,1,1,100.0
2022-02-14,9,6,66.67
2022-02-15,9,6,66.67
2022-02-16,10,6,60.0
2022-02-17,4,0,0.0
2022-02-18,6,0,0.0
2022-02-19,5,1,20.0
2022-02-20,9,7,77.78
2022-02-21,5,0,0.0
2022-02-22,6,6,100.0
2022-02-23,1,0,0.0
2022-02-24,6,4,66.67
2022-02-25,6,4,66.67
2022-02-26,1,1,100.0
2022-02-27,4,2,50.0
2022-02-28,3,2,66.67
2022-03-01,2,0,0.0
2022-03-02,8,1,12.5
2022-03-03,8,8,100.0
2022-03-04,3,2,66.67
2022-03-05,5,5,100.0
2022-03-06,10,2,20.0
2022-03-07,3,0,0.0
2022-03-08,2,1,50.0
2022-03-09,3,1,33.33
2022-03-10,9,2,22.22
2022-03-11,10,1,10.0
2022-03-12,2,2,100.0
2022-03-13,7,7,100.0
2022-03-14,9,9,100.0
2022-03-15,7,5,71.43
2022-03-16,10,5,50.0
2022-03-17,2,1,50.0
2022-03-18,1,1,100.0
2022-03-19,7,4,57.14
2022-03-20,4,4,100.0
2022-03-21,0,0,0.0
2022-03-22,8,1,12.5
2022-03-23,4,3,75.0
2022-03-24,7,0,0.0
2022-03-25,0,0,0.0
2022-03-26,4,0,0.0
2022-03-27,10,1,10.0
2022-03-28,9,9,100.0
2022-03-29,8,6,75.0
2022-03-30,7,0,0.0
2022-03-31,7,3,42.86
2022-04-01,5,4,80.0
2022-04-02,7,2,28.57
2022-04-03,0,0,0.0
2022-04-04,1,1,100.0
2022-04-05,1,0,0.0
2022-04-06,0,0,0.0
2022-04-07,7,7,100.0
2022-04-08,8,8,100.0
2022-04-09,9,2,22.22
2022-04-10,5,2,40.0
2022-04-11,4,3,75.0
2022-04-12,6,6,100.0
2022-04-13,5,5,100.0
2022-04-14,9,0,0.0
2022-04-15,10,10,100.0
2022-04-16,5,0,0.0
2022-04-17,5,0,0.0
2022-04-18,8,6,75.0
2022-04-19,4,2,50.0
2022-04-20,10,9,90.0
2022-04-21,2,1,50.0
2022-04-22,1,0,0.0
2022-04-23,5,2,40.0
2022-04-24,10,10,100.0
2022-04-25,6,1,16.67
2022-04-26,9,1,11.11
2022-04-27,4,4,100.0
2022-04-28,6,5,83.33
2022-04-29,5,1,20.0
2022-04-30,10,10,100.0
2022-05-01,8,1,12.5
2022-05-02,10,10,100.0
2022-05-03,6,4,66.67
2022-05-04,5,0,0.0
2022-05-05,5,2,40.0
2022-05-06,2,0,0.0
2022-05-07,5,3,60.0
2022-05-08,3,1,33.33
2022-05-09,2,0,0.0
2022-05-10,1,1,100.0
2022-05-11,1,0,0.0
2022-05-12,10,5,50.0
2022-05-13,9,2,22.22
2022-05-14,9,6,66.67
2022-05-15,2,0,0.0
2022-05-16,2,2,100.0
2022-05-17,9,2,22.22
2022-05-18,7,0,0.0
2022-05-19,6,2,33.33
2022-05-20,10,3,30.0
2022-05-21,7,4,57.14
2022-05-22,7,3,42.86
2022-05-23,8,3,37.5
2022-05-24,4,3,75.0
2022-05-25,3,2,66.67
2022-05-26,10,9,90.0
2022-05-27,7,7,100.0
2022-05-28,4,3,75.0
2022-05-29,8,8,100.0
2022-05-30,6,1,16.67
2022-05-31,3,1,33.33
2022-06-01,4,0,0.0
2022-06-02,10,7,70.0
2022-06-03,5,4,80.0
2022-06-04,1,0,0.0
2022-06-05,4,0,0.0
2022-06-06,2,1,50.0
2022-06-07,7,2,28.57
2022-06-08,6,0,0.0
2022-06-09,3,3,100.0
2022-06-10,5,0,0.0
2022-06-11,6,0,0.0
2022-06-12,6,4,66.67
2022-06-13,5,1,20.0
2022-06-14,6,0,0.0
2022-06-15,5,1,20.0
2022-06-16,0,0,0.0
2022-06-17,1,1,100.0
2022-06-18,2,0,0.0
2022-06-19,0,0,0.0
2022-06-20,7,2,28.57
2022-06-21,7,7,100.0
2022-06-22,9,0,0.0
2022-06-23,1,0,0.0
2022-06-24,4,1,25.0
2022-06-25,2,2,100.0
2022-06-26,9,8,88.89
2022-06-27,6,0,0.0
2022-06-28,4,1,25.0
2022-06-29,4,0,0.0
2022-06-30,0,0,0.0
2022-07-01,6,5,83.33
2022-07-02,9,7,77.78
2022-07-03,1,0,0.0
2022-07-04,7,0,0.0
2022-07-05,10,8,80.0
2022-07-06,9,3,33.33
2022-07-07,2,1,50.0
2022-07-08,6,0,0.0
2022-07-09,9,5,55.56
2022-07-10,3,3,100.0
2022-07-11,2,2,100.0
2022-07-12,10,1,10.0
2022-07-13,8,5,62.5
2022-07-14,1,0,0.0
2022-07-15,6,6,100.0
2022-07-16,7,0,0.0
2022-07-17,10,6,60.0
2022-07-18,5,2,40.0
2022-07-19,0,0,0.0
2022-07-20,1,1,100.0
2022-07-21,3,0,0.0
2022-07-22,9,5,55.56
2022-07-23,2,0,0.0
2022-07-24,5,4,80.0
2022-07-25,5,5,100.0
2022-07-26,2,2,100.0
2022-07-27,7,7,100.0
2022-07-28,10,2,20.0
2022-07-29,2,0,0.0
2022-07-30,7,0,0.0
2022-07-31,4,1,25.0
2022-08-01,0,0,0.0
2022-08-02,0,0,0.0
2022-08-03,4,4,100.0
2022-08-04,6,6,100.0
2022-08-05,8,7,87.5
2022-08-06,4,0,0.0
2022-08-07,10,3,30.0
2022-08-08,4,2,50.0
2022-08-09,0,0,0.0
2022-08-10,4,0,0.0
2022-08-11,5,3,60.0
2022-08-12,6,5,83.33
2022-08-13,7,6,85.71
2022-08-14,5,1,20.0
2022-08-15,7,7,100.0
2022-08-16,5,4,80.0
2022-08-17,4,0,0.0
2022-08-18,6,0,0.0
2022-08-19,6,4,66.67
2022-08-20,2,2,100.0
2022-08-21,4,2,50.0
2022-08-22,1,0,0.0
2022-08-23,5,5,100.0
2022-08-24,4,2,50.0
2022-08-25,7,6,85.71
2022-08-26,2,2,100.0
2022-08-27,7,5,71.43
2022-08-28,7,0,0.0
2022-08-29,5,4,80.0
2022-08-30,6,2,33.33
2022-08-31,10,0,0.0
2022-09-01,1,1,100.0
2022-09-02,5,4,80.0
2022-09-03,10,2,20.0
2022-09-04,0,0,0.0
2022-09-05,9,7,77.78
2022-09-06,0,0,0.0
2022-09-07,1,0,0.0
2022-09-08,10,5,50.0
2022-09-09,5,3,60.0
2022-09-10,9,0,0.0
2022-09-11,9,2,22.22
2022-09-12,10,7,70.0
2022-09-13,5,2,40.0
2022-09-14,7,1,14.29
2022-09-15,9,2,22.22
2022-09-16,8,5,62.5
2022-09-17,6,2,33.33
2022-09-18,10,4,40.0
2022-09-19,3,0,0.0
2022-09-20,0,0,0.0
2022-09-21,7,6,85.71
2022-09-22,8,1,12.5
2022-09-23,4,2,50.0
2022-09-24,7,3,42.86
2022-09-25,9,4,44.44
2022-09-26,7,3,42.86
2022-09-27,1,0,0.0
2022-09-28,1,1,100.0
2022-09-29,2,2,100.0
2022-09-30,7,1,14.29
2022-10-01,10,5,50.0
2022-10-02,10,5,50.0
2022-10-03,1,1,100.0
2022-10-04,4,1,25.0
2022-10-05,10,2,20.0
2022-10-06,5,4,80.0
2022-10-07,3,0,0.0
2022-10-08,3,1,33.33
2022-10-09,3,3,100.0
2022-10-10,0,0,0.0
2022-10-11,8,5,62.5
2022-10-12,7,2,28.57
2022-10-13,9,1,11.11
2022-10-14,1,1,100.0
2022-10-15,6,5,83.33
2022-10-16,7,6,85.71
2022-10-17,6,6,100.0
2022-10-18,9,1,11.11
2022-10-19,2,1,50.0
2022-10-20,10,1,10.0
2022-10-21,7,7,100.0
2022-10-22,10,8,80.0
2022-10-23,5,1,20.0
2022-10-24,8,2,25.0
2022-10-25,2,1,50.0
2022-10-26,8,0,0.0
2022-10-27,1,0,0.0
2022-10-28,4,1,25.0
2022-10-29,2,1,50.0
2022-10-30,3,2,66.67
2022-10-31,8,4,50.0
2022-11-01,1,1,100.0
2022-11-02,3,2,66.67
2022-11-03,2,2,100.0
2022-11-04,4,4,100.0
2022-11-05,8,1,12.5
2022-11-06,8,2,25.0
2022-11-07,9,9,100.0
2022-11-08,2,0,0.0
2022-11-09,10,9,90.0
2022-11-10,9,5,55.56
2022-11-11,9,0,0.0
2022-11-12,0,0,0.0
2022-11-13,0,0,0.0
2022-11-14,10,3,30.0
2022-11-15,9,6,66.67
2022-11-16,9,0,0.0
2022-11-17,7,4,57.14
2022-11-18,10,4,40.0
2022-11-19,7,3,42.86
2022-11-20,10,6,60.0
2022-11-21,4,3,75.0
2022-11-22,1,0,0.0
2022-11-23,2,1,50.0
2022-11-24,6,3,50.0
2022-11-25,7,3,42.86
2022-11-26,5,4,80.0
2022-11-27,2,1,50.0
2022-11-28,5,5,100.0
2022-11-29,5,3,60.0
2022-11-30,2,1,50.0
2022-12-01,8,8,100.0
2022-12-02,1,1,100.0
2022-12-03,3,3,100.0
2022-12-04,1,1,100.0
2022-12-05,7,3,42.86
2022-12-06,2,0,0.0
2022-12-07,0,0,0.0
2022-12-08,6,6,100.0
2022-12-09,9,6,66.67
2022-12-10,3,1,33.33
2022-12-11,5,4,80.0
2022-12-12,5,1,20.0
2022-12-13,2,1,50.0
2022-12-14,8,7,87.5
2022-12-15,7,4,57.14
2022-12-16,7,0,0.0
2022-12-17,1,1,100.0
2022-12-18,8,7,87.5
2022-12-19,3,1,33.33
2022-12-20,9,5,55.56
2022-12-21,0,0,0.0
2022-12-22,4,3,75.0
2022-12-23,9,7,77.78
2022-12-24,4,4,100.0
2022-12-25,0,0,0.0
2022-12-26,6,1,16.67
2022-12-27,4,2,50.0
2022-12-28,6,2,33.33
2022-12-29,0,0,0.0
2022-12-30,0,0,0.0
2022-12-31,5,4,80.0
2023-01-01,4,0,0.0
2023-01-02,6,4,66.67
2023-01-03,7,4,57.14
2023-01-04,9,9,100.0
2023-01-05,1,0,0.0
2023-01-06,1,1,100.0
2023-01-07,5,2,40.0
2023-01-08,8,5,62.5
2023-01-09,2,0,0.0
2023-01-10,9,8,88.89
2023-01-11,6,4,66.67
2023-01-12,0,0,0.0
2023-01-13,0,0,0.0
2023-01-14,5,3,60.0
2023-01-15,8,7,87.5
2023-01-16,2,2,100.0
2023-01-17,8,2,25.0
2023-01-18,5,4,80.0
2023-01-19,5,1,20.0
2023-01-20,6,4,66.67
2023-01-21,4,4,100.0
2023-01-22,5,4,80.0
2023-01-23,8,8,100.0
2023-01-24,7,4,57.14
2023-01-25,7,0,0.0
2023-01-26,5,2,40.0
2023-01-27,10,1,10.0
2023-01-28,6,4,66.67
2023-01-29,4,0,0.0
2023-01-30,9,7,77.78
2023-01-31,4,4,100.0
2023-02-01,9,3,33.33
2023-02-02,0,0,0.0
2023-02-03,2,2,100.0
2023-02-04,10,9,90.0
2023-02-05,6,1,16.67
2023-02-06,10,3,30.0
2023-02-07,0,0,0.0
2023-02-08,3,0,0.0
2023-02-09,7,5,71.43
2023-02-10,6,1,16.67
2023-02-11,6,5,83.33
2023-02-12,3,3,100.0
2023-02-13,8,7,87.5
2023-02-14,0,0,0.0
2023-02-15,8,3,37.5
2023-02-16,8,5,62.5
2023-02-17,10,7,70.0
2023-02-18,8,6,75.0
2023-02-19,5,1,20.0
2023-02-20,7,5,71.43
2023-02-21,8,5,62.5
2023-02-22,10,10,100.0
2023-02-23,10,4,40.0
2023-02-24,9,7,77.78
2023-02-25,3,1,33.33
2023-02-26,4,4,100.0
2023-02-27,4,1,25.0
2023-02-28,4,2,50.0
2023-03-01,3,3,100.0
2023-03-02,5,3,60.0
2023-03-03,5,4,80.0
2023-03-04,4,2,50.0
2023-03-05,1,1,100.0
2023-03-06,6,6,100.0
2023-03-07,5,1,20.0
2023-03-08,4,0,0.0
2023-03-09,4,0,0.0
2023-03-10,5,3,60.0
2023-03-11,10,4,40.0
2023-03-12,7,3,42.86
2023-03-13,3,2,66.67
2023-03-14,8,4,50.0
2023-03-15,2,0,0.0
2023-03-16,9,9,100.0
2023-03-17,3,1,33.33
2023-03-18,0,0,0.0
2023-03-19,10,3,30.0
2023-03-20,0,0,0.0
2023-03-21,6,2,33.33
2023-03-22,7,1,14.29
2023-03-23,10,2,20.0
2023-03-24,0,0,0.0
2023-03-25,6,5,83.33
2023-03-26,7,7,100.0
2023-03-27,10,3,30.0
2023-03-28,4,2,50.0
2023-03-29,4,0,0.0
2023-03-30,1,0,0.0
2023-03-31,8,0,0.0
2023-04-01,2,1,50.0
2023-04-02,2,0,0.0
2023-04-03,6,6,100.0
2023-04-04,7,2,28.57
2023-04-05,4,0,0.0
2023-04-06,0,0,0.0
2023-04-07,9,9,100.0
2023-04-08,1,1,100.0
2023-04-09,4,3,75.0
2023-04-10,10,8,80.0
2023-04-11,8,7,87.5
2023-04-12,2,2,100.0
2023-04-13,7,4,57.14
2023-04-14,3,0,0.0
2023-04-15,5,1,20.0
2023-04-16,7,4,57.14
2023-04-17,2,0,0.0
2023-04-18,5,2,40.0
2023-04-19,9,3,33.33
2023-04-20,2,2,100.0
2023-04-21,10,6,60.0
2023-04-22,6,4,66.67
2023-04-23,5,0,0.0
2023-04-24,6,5,83.33
2023-04-25,1,0,0.0
2023-04-26,2,1,50.0
2023-04-27,5,1,20.0
2023-04-28,0,0,0.0
2023-04-29,6,1,16.67
2023-04-30,7,4,57.14
2023-05-01,5,2,40.0
2023-05-02,9,9,100.0
2023-05-03,0,0,0.0
2023-05-04,10,5,50.0
2023-05-05,3,0,0.0
2023-05-06,10,1,10.0
2023-05-07,7,4,57.14
2023-05-08,2,1,50.0
2023-05-09,10,8,80.0
2023-05-10,4,0,0.0
2023-05-11,10,4,40.0
2023-05-12,5,4,80.0
2023-05-13,3,1,33.33
2023-05-14,2,1,50.0
2023-05-15,2,1,50.0
2023-05-16,9,5,55.56
2023-05-17,6,5,83.33
2023-05-18,8,7,87.5
2023-05-19,8,3,37.5
2023-05-20,3,0,0.0
2023-05-21,8,7,87.5
2023-05-22,8,5,62.5
2023-05-23,1,0,0.0
2023-05-24,0,0,0.0
2023-05-25,9,8,88.89
2023-05-26,2,0,0.0
2023-05-27,5,4,80.0
2023-05-28,7,1,14.29
2023-05-29,10,3,30.0
2023-05-30,9,7,77.78
2023-05-31,1,1,100.0
2023-06-01,0,0,0.0
2023-06-02,2,2,100.0
2023-06-03,6,3,50.0
2023-06-04,9,0,0.0
2023-06-05,8,7,87.5
2023-06-06,10,4,40.0
2023-06-07,0,0,0.0
2023-06-08,4,0,0.0
2023-06-09,3,0,0.0
2023-06-10,0,0,0.0
2023-06-11,5,5,100.0
2023-06-12,1,0,0.0
2023-06-13,1,1,100.0
2023-06-14,0,0,0.0
2023-06-15,6,1,16.67
2023-06-16,2,2,100.0
2023-06-17,10,6,60.0
2023-06-18,5,3,60.0
2023-06-19,7,6,85.71
2023-06-20,6,0,0.0
2023-06-21,10,10,100.0
2023-06-22,8,2,25.0
2023-06-23,10,5,50.0
2023-06-24,1,0,0.0
2023-06-25,8,6,75.0
2023-06-26,8,2,25.0
2023-06-27,3,0,0.0
2023-06-28,0,0,0.0
2023-06-29,7,6,85.71
2023-06-30,8,6,75.0
2023-07-01,3,1,33.33
2023-07-02,7,5,71.43
2023-07-03,2,1,50.0
2023-07-04,3,0,0.0
2023-07-05,0,0,0.0
2023-07-06,9,0,0.0
2023-07-07,3,1,33.33
2023-07-08,1,0,0.0
2023-07-09,9,0,0.0
2023-07-10,7,0,0.0
2023-07-11,3,0,0.0
2023-07-12,6,3,50.0
2023-07-13,3,1,33.33
2023-07-14,0,0,0.0
2023-07-15,8,4,50.0
2023-07-16,3,2,66.67
2023-07-17,9,9,100.0
2023-07-18,10,5,50.0
2023-07-19,3,2,66.67
2023-07-20,2,2,100.0
2023-07-21,8,3,37.5
2023-07-22,6,2,33.33
2023-07-23,4,0,0.0
2023-07-24,8,2,25.0
2023-07-25,10,10,100.0
2023-07-26,6,4,66.67
2023-07-27,7,0,0.0
2023-07-28,5,5,100.0
2023-07-29,10,6,60.0
2023-07-30,8,5,62.5
2023-07-31,6,3,50.0
2023-08-01,2,1,50.0
2023-08-02,6,1,16.67
2023-08-03,8,7,87.5
2023-08-04,3,1,33.33
2023-08-05,4,1,25.0
2023-08-06,7,0,0.0
2023-08-07,8,6,75.0
2023-08-08,6,4,66.67
2023-08-09,8,2,25.0
2023-08-10,6,1,16.67
2023-08-11,4,1,25.0
2023-08-12,5,5,100.0
2023-08-13,1,1,100.0
2023-08-14,5,0,0.0
2023-08-15,8,3,37.5
2023-08-16,0,0,0.0
2023-08-17,6,5,83.33
2023-08-18,9,9,100.0
2023-08-19,0,0,0.0
2023-08-20,3,1,33.33
2023-08-21,7,3,42.86
2023-08-22,5,2,40.0
2023-08-23,0,0,0.0
2023-08-24,3,0,0.0
2023-08-25,7,3,42.86
2023-08-26,9,3,33.33
2023-08-27,6,1,16.67
2023-08-28,8,5,62.5
2023-08-29,4,3,75.0
2023-08-30,7,5,71.43
2023-08-31,4,2,50.0
2023-09-01,5,4,80.0
2023-09-02,7,7,100.0
2023-09-03,1,1,100.0
2023-09-04,5,1,20.0
2023-09-05,5,2,40.0
2023-09-06,6,0,0.0
2023-09-07,9,3,33.33
2023-09-08,2,0,0.0
2023-09-09,4,4,100.0
2023-09-10,9,9,100.0
2023-09-11,6,2,33.33
2023-09-12,2,0,0.0
2023-09-13,5,1,20.0
2023-09-14,6,4,66.67
2023-09-15,3,3,100.0
2023-09-16,8,5,62.5
2023-09-17,4,3,75.0
2023-09-18,10,7,70.0
2023-09-19,7,2,28.57
2023-09-20,5,1,20.0
2023-09-21,2,2,100.0
2023-09-22,8,7,87.5
2023-09-23,2,2,100.0
2023-09-24,10,0,0.0
2023-09-25,8,0,0.0
2023-09-26,1,0,0.0
2023-09-27,0,0,0.0
2023-09-28,2,2,100.0
2023-09-29,3,0,0.0
2023-09-30,2,0,0.0
2023-10-01,3,3,100.0
2023-10-02,5,0,0.0
2023-10-03,9,9,100.0
2023-10-04,7,7,100.0
2023-10-05,0,0,0.0
2023-10-06,8,8,100.0
2023-10-07,6,0,0.0
2023-10-08,0,0,0.0
2023-10-09,8,4,50.0
2023-10-10,0,0,0.0
2023-10-11,2,0,0.0
2023-10-12,1,0,0.0
2023-10-13,3,1,33.33
2023-10-14,9,8,88.89
2023-10-15,4,2,50.0
2023-10-16,4,3,75.0
2023-10-17,1,1,100.0
2023-10-18,6,3,50.0
2023-10-19,9,3,33.33
2023-10-20,3,2,66.67
2023-10-21,10,1,10.0
2023-10-22,10,10,100.0
2023-10-23,0,0,0.0
2023-10-24,6,3,50.0
2023-10-25,6,4,66.67
2023-10-26,7,0,0.0
2023-10-27,10,0,0.0
2023-10-28,2,0,0.0
2023-10-29,7,6,85.71
2023-10-30,10,5,50.0
2023-10-31,9,1,11.11
2023-11-01,8,0,0.0
2023-11-02,3,1,33.33
2023-11-03,9,7,77.78
2023-11-04,4,0,0.0
2023-11-05,1,1,100.0
2023-11-06,8,0,0.0
2023-11-07,2,1,50.0
2023-11-08,0,0,0.0
2023-11-09,9,2,22.22
2023-11-10,6,0,0.0
2023-11-11,4,1,25.0
2023-11-12,9,3,33.33
2023-11-13,9,6,66.67
2023-11-14,10,8,80.0
2023-11-15,5,3,60.0
2023-11-16,2,2,100.0
2023-11-17,1,1,100.0
2023-11-18,0,0,0.0
2023-11-19,6,1,16.67
2023-11-20,1,1,100.0
2023-11-21,9,9,100.0
2023-11-22,9,6,66.67
2023-11-23,5,0,0.0
2023-11-24,10,4,40.0
2023-11-25,7,7,100.0
2023-11-26,3,2,66.67
2023-11-27,8,6,75.0
2023-11-28,6,1,16.67
2023-11-29,10,9,90.0
2023-11-30,10,6,60.0
2023-12-01,1,1,100.0
2023-12-02,3,0,0.0
2023-12-03,1,1,100.0
2023-12-04,2,1,50.0
2023-12-05,10,2,20.0
2023-12-06,6,2,33.33
2023-12-07,5,0,0.0
2023-12-08,1,0,0.0
2023-12-09,4,3,75.0
2023-12-10,5,2,40.0
2023-12-11,1,0,0.0
2023-12-12,1,0,0.0
2023-12-13,6,3,50.0
2023-12-14,8,8,100.0
2023-12-15,8,6,75.0
2023-12-16,1,0,0.0
2023-12-17,1,1,100.0
2023-12-18,8,1,12.5
2023-12-19,9,9,100.0
2023-12-20,5,3,60.0
2023-12-21,0,0,0.0
2023-12-22,6,3,50.0
2023-12-23,1,0,0.0
2023-12-24,9,8,88.89
2023-12-25,2,2,100.0
2023-12-26,6,1,16.67
2023-12-27,2,1,50.0
2023-12-28,4,2,50.0
2023-12-29,7,2,28.57
2023-12-30,1,0,0.0
2023-12-31,6,2,33.33
2024-01-01,6,2,33.33
2024-01-02,7,1,14.29
2024-01-03,5,2,40.0
2024-01-04,3,3,100.0
2024-01-05,9,9,100.0
2024-01-06,3,3,100.0
2024-01-07,1,0,0.0
2024-01-08,4,0,0.0
2024-01-09,6,2,33.33
2024-01-10,9,6,66.67
2024-01-11,5,3,60.0
2024-01-12,5,3,60.0
2024-01-13,10,9,90.0
2024-01-14,2,1,50.0
2024-01-15,5,4,80.0
2024-01-16,3,3,100.0
2024-01-17,5,1,20.0
2024-01-18,6,2,33.33
2024-01-19,4,3,75.0
2024-01-20,9,3,33.33
2024-01-21,5,3,60.0
2024-01-22,4,3,75.0
2024-01-23,5,0,0.0
2024-01-24,9,3,33.33
2024-01-25,9,8,88.89
2024-01-26,2,2,100.0
2024-01-27,8,0,0.0
2024-01-28,7,3,42.86
2024-01-29,7,4,57.14
2024-01-30,1,1,100.0
2024-01-31,10,7,70.0
2024-02-01,2,2,100.0
2024-02-02,4,1,25.0
2024-02-03,4,1,25.0
2024-02-04,6,6,100.0
2024-02-05,6,0,0.0
2024-02-06,7,7,100.0
2024-02-07,9,6,66.67
2024-02-08,8,8,100.0
2024-02-09,6,4,66.67
2024-02-10,0,0,0.0
2024-02-11,8,1,12.5
2024-02-12,1,0,0.0
2024-02-13,10,10,100.0
2024-02-14,5,1,20.0
2024-02-15,10,9,90.0
2024-02-16,0,0,0.0
2024-02-17,5,3,60.0
2024-02-18,1,0,0.0
2024-02-19,1,1,100.0
2024-02-20,3,1,33.33
2024-02-21,7,5,71.43
2024-02-22,6,3,50.0
2024-02-23,10,9,90.0
2024-02-24,8,2,25.0
2024-02-25,5,0,0.0
2024-02-26,7,1,14.29
2024-02-27,4,3,75.0
2024-02-28,1,0,0.0
2024-02-29,2,1,50.0
2024-03-01,4,2,50.0
2024-03-02,7,3,42.86
2024-03-03,8,7,87.5
2024-03-04,5,3,60.0
2024-03-05,1,1,100.0
2024-03-06,7,5,71.43
2024-03-07,1,1,100.0
2024-03-08,0,0,0.0
2024-03-09,0,0,0.0
2024-03-10,10,1,10.0
2024-03-11,10,2,20.0
2024-03-12,3,1,33.33
2024-03-13,8,2,25.0
2024-03-14,5,4,80.0
2024-03-15,6,3,50.0
2024-03-16,3,3,100.0
2024-03-17,10,2,20.0
2024-03-18,2,2,100.0
2024-03-19,10,6,60.0
2024-03-20,6,0,0.0
2024-03-21,9,3,33.33
2024-03-22,7,6,85.71
2024-03-23,6,0,0.0
2024-03-24,3,1,33.33
2024-03-25,4,0,0.0
2024-03-26,9,1,11.11
2024-03-27,8,2,25.0
2024-03-28,5,2,40.0
2024-03-29,3,3,100.0
2024-03-30,1,1,100.0
2024-03-31,10,7,70.0
2024-04-01,8,5,62.5
2024-04-02,9,6,66.67
2024-04-03,9,6,66.67
2024-04-04,9,1,11.11
2024-04-05,5,2,40.0
2024-04-06,7,2,28.57
2024-04-07,10,4,40.0
2024-04-08,9,9,100.0
2024-04-09,1,0,0.0
2024-04-10,5,0,0.0
2024-04-11,3,2,66.67
2024-04-12,1,0,0.0
2024-04-13,5,5,100.0
2024-04-14,2,2,100.0
2024-04-15,6,3,50.0
2024-04-16,9,2,22.22
2024-04-17,9,6,66.67
2024-04-18,6,1,16.67
2024-04-19,7,2,28.57
2024-04-20,8,2,25.0
2024-04-21,7,4,57.14
2024-04-22,2,0,0.0
2024-04-23,5,3,60.0
2024-04-24,9,0,0.0
2024-04-25,5,0,0.0
2024-04-26,7,2,28.57
2024-04-27,3,3,100.0
2024-04-28,8,8,100.0
2024-04-29,10,7,70.0
2024-04-30,6,5,83.33
2024-05-01,7,6,85.71
2024-05-02,7,7,100.0
2024-05-03,2,0,0.0
2024-05-04,9,0,0.0
2024-05-05,3,2,66.67
2024-05-06,0,0,0.0
2024-05-07,3,2,66.67
2024-05-08,2,1,50.0
2024-05-09,9,7,77.78
2024-05-10,8,8,100.0
2024-05-11,1,0,0.0
2024-05-12,4,4,100.0
2024-05-13,5,4,80.0
2024-05-14,0,0,0.0
2024-05-15,8,3,37.5
2024-05-16,6,0,0.0
2024-05-17,10,3,30.0
2024-05-18,4,0,0.0
2024-05-19,7,4,57.14
2024-05-20,5,0,0.0
2024-05-21,7,1,14.29
2024-05-22,3,1,33.33
2024-05-23,9,5,55.56
2024-05-24,9,6,66.67
2024-05-25,2,2,100.0
2024-05-26,2,0,0.0
2024-05-27,3,0,0.0
2024-05-28,9,5,55.56
2024-05-29,8,4,50.0
2024-05-30,9,8,88.89
2024-05-31,2,1,50.0
2024-06-01,4,2,50.0
2024-06-02,9,4,44.44
2024-06-03,8,1,12.5
2024-06-04,2,1,50.0
2024-06-05,0,0,0.0
2024-06-06,10,2,20.0
2024-06-07,2,0,0.0
2024-06-08,2,2,100.0
2024-06-09,5,1,20.0
2024-06-10,10,6,60.0
2024-06-11,7,2,28.57
2024-06-12,9,4,44.44
2024-06-13,10,6,60.0
2024-06-14,6,3,50.0
2024-06-15,1,0,0.0
2024-06-16,6,4,66.67
2024-06-17,4,2,50.0
2024-06-18,7,7,100.0
2024-06-19,5,4,80.0
2024-06-20,0,0,0.0
2024-06-21,7,5,71.43
2024-06-22,1,1,100.0
2024-06-23,3,3,100.0
2024-06-24,3,3,100.0
2024-06-25,4,2,50.0
2024-06-26,4,2,50.0
2024-06-27,8,2,25.0
2024-06-28,9,7,77.78
2024-06-29,5,5,100.0
2024-06-30,0,0,0.0
2024-07-01,1,1,100.0
2024-07-02,0,0,0.0
2024-07-03,2,1,50.0
2024-07-04,7,0,0.0
2024-07-05,6,1,16.67
2024-07-06,2,2,100.0
2024-07-07,4,1,25.0
2024-07-08,4,0,0.0
2024-07-09,10,5,50.0
2024-07-10,4,0,0.0
2024-07-11,5,5,100.0
2024-07-12,10,2,20.0
2024-07-13,0,0,0.0
2024-07-14,10,4,40.0
2024-07-15,3,3,100.0
2024-07-16,10,1,10.0
2024-07-17,1,0,0.0
2024-07-18,3,3,100.0
2024-07-19,1,0,0.0
2024-07-20,9,3,33.33
2024-07-21,8,7,87.5
2024-07-22,0,0,0.0
2024-07-23,5,0,0.0
2024-07-24,6,5,83.33
2024-07-25,2,1,50.0
2024-07-26,1,0,0.0
2024-07-27,6,0,0.0
2024-07-28,1,0,0.0
2024-07-29,5,2,40.0
2024-07-30,4,1,25.0
2024-07-31,6,6,100.0
2024-08-01,2,2,100.0
2024-08-02,10,2,20.0
2024-08-03,1,0,0.0
2024-08-04,9,2,22.22
2024-08-05,7,5,71.43
2024-08-06,3,1,33.33
2024-08-07,6,4,66.67
2024-08-08,10,7,70.0
2024-08-09,3,0,0.0
2024-08-10,1,0,0.0
2024-08-11,1,1,100.0
2024-08-12,5,3,60.0
2024-08-13,5,1,20.0
2024-08-14,3,2,66.67
2024-08-15,10,1,10.0
2024-08-16,3,2,66.67
2024-08-17,0,0,0.0
2024-08-18,3,1,33.33
2024-08-19,6,2,33.33
2024-08-20,10,0,0.0
2024-08-21,3,3,100.0
2024-08-22,6,0,0.0
2024-08-23,3,3,100.0
2024-08-24,10,9,90.0
2024-08-25,1,0,0.0
2024-08-26,5,2,40.0
2024-08-27,2,1,50.0
2024-08-28,9,6,66.67
2024-08-29,5,4,80.0
2024-08-30,10,2,20.0
2024-08-31,7,1,14.29
2024-09-01,0,0,0.0
2024-09-02,0,0,0.0
2024-09-03,3,0,0.0
2024-09-04,0,0,0.0
2024-09-05,8,4,50.0
2024-09-06,10,8,80.0
2024-09-07,6,3,50.0
2024-09-08,6,0,0.0
2024-09-09,10,8,80.0
2024-09-10,8,2,25.0
2024-09-11,4,0,0.0
2024-09-12,4,0,0.0
2024-09-13,8,3,37.5
2024-09-14,2,2,100.0
2024-09-15,5,3,60.0
2024-09-16,9,1,11.11
2024-09-17,4,3,75.0
2024-09-18,3,0,0.0
2024-09-19,3,0,0.0
2024-09-20,6,0,0.0
2024-09-21,7,0,0.0
2024-09-22,4,1,25.0
2024-09-23,1,0,0.0
2024-09-24,2,2,100.0
2024-09-25,0,0,0.0
2024-09-26,7,5,71.43
2024-09-27,8,8,100.0
2024-09-28,4,1,25.0
2024-09-29,5,1,20.0
2024-09-30,4,0,0.0
2024-10-01,0,0,0.0
2024-10-02,6,2,33.33
2024-10-03,8,1,12.5
2024-10-04,4,4,100.0
2024-10-05,10,1,10.0
2024-10-06,7,7,100.0
2024-10-07,8,5,62.5
2024-10-08,0,0,0.0
2024-10-09,9,2,22.22
2024-10-10,5,1,20.0
2024-10-11,4,0,0.0
2024-10-12,9,1,11.11
2024-10-13,3,0,0.0
2024-10-14,0,0,0.0
2024-10-15,3,0,0.0
2024-10-16,7,5,71.43
2024-10-17,6,1,16.67
2024-10-18,2,0,0.0
2024-10-19,8,6,75.0
2024-10-20,3,2,66.67
2024-10-21,3,3,100.0
2024-10-22,5,2,40.0
2024-10-23,1,1,100.0
2024-10-24,1,0,0.0
2024-10-25,2,0,0.0
2024-10-26,8,0,0.0
2024-10-27,6,0,0.0
2024-10-28,7,4,57.14
2024-10-29,4,2,50.0
2024-10-30,1,1,100.0
2024-10-31,0,0,0.0
2024-11-01,3,2,66.67
2024-11-02,9,4,44.44
2024-11-03,9,3,33.33
2024-11-04,7,5,71.43
2024-11-05,9,7,77.78
2024-11-06,3,1,33.33
2024-11-07,2,0,0.0
2024-11-08,6,0,0.0
2024-11-09,3,2,66.67
2024-11-10,10,0,0.0
2024-11-11,5,0,0.0
2024-11-12,10,6,60.0
2024-11-13,4,0,0.0
2024-11-14,3,1,33.33
2024-11-15,6,3,50.0
2024-11-16,0,0,0.0
2024-11-17,4,0,0.0
2024-11-18,0,0,0.0
2024-11-19,8,6,75.0
2024-11-20,5,3,60.0
2024-11-21,1,0,0.0
2024-11-22,8,2,25.0
2024-11-23,10,6,60.0
2024-11-24,1,0,0.0
2024-11-25,6,5,83.33
2024-11-26,2,0,0.0
2024-11-27,4,2,50.0
2024-11-28,5,3,60.0
2024-11-29,5,2,40.0
2024-11-30,7,4,57.14
2024-12-01,3,0,0.0
2024-12-02,3,1,33.33
2024-12-03,9,1,11.11
2024-12-04,2,0,0.0
2024-12-05,2,1,50.0
2024-12-06,7,5,71.43
2024-12-07,6,0,0.0
2024-12-08,8,5,62.5
2024-12-09,3,3,100.0
2024-12-10,4,3,75.0
2024-12-11,4,0,0.0
2024-12-12,1,0,0.0
2024-12-13,10,4,40.0
2024-12-14,9,0,0.0
2024-12-15,3,2,66.67
2024-12-16,2,0,0.0
2024-12-17,3,2,66.67
2024-12-18,6,4,66.67
2024-12-19,0,0,0.0
2024-12-20,4,1,25.0
2024-12-21,0,0,0.0
2024-12-22,7,3,42.86
2024-12-23,1,1,100.0
2024-12-24,1,0,0.0
2024-12-25,1,0,0.0
2024-12-26,0,0,0.0
2024-12-27,2,0,0.0
2024-12-28,6,2,33.33
2024-12-29,10,10,100.0
2024-12-30,10,1,10.0
2024-12-31,9,9,100.0
2025-01-01,4,0,0.0
2025-01-02,0,0,0.0
2025-01-03,3,3,100.0
2025-01-04,2,0,0.0
2025-01-05,5,0,0.0
2025-01-06,0,0,0.0
2025-01-07,0,0,0.0
2025-01-08,9,6,66.67
2025-01-09,6,3,50.0
2025-01-10,0,0,0.0
2025-01-11,10,6,60.0
2025-01-12,2,1,50.0
2025-01-13,3,1,33.33
2025-01-14,4,2,50.0
2025-01-15,7,2,28.57
2025-01-16,0,0,0.0
2025-01-17,10,4,40.0
2025-01-18,7,6,85.71
2025-01-19,8,7,87.5
2025-01-20,0,0,0.0
2025-01-21,4,3,75.0
2025-01-22,2,1,50.0
2025-01-23,3,1,33.33
2025-01-24,10,8,80.0
2025-01-25,0,0,0.0
2025-01-26,5,3,60.0
2025-01-27,8,7,87.5
2025-01-28,5,4,80.0
2025-01-29,8,5,62.5
2025-01-30,6,2,33.33
2025-01-31,2,0,0.0
2025-02-01,5,4,80.0
2025-02-02,3,0,0.0
2025-02-03,4,0,0.0
2025-02-04,7,5,71.43
2025-02-05,9,3,33.33
2025-02-06,2,0,0.0
2025-02-07,3,1,33.33
2025-02-08,4,4,100.0
2025-02-09,0,0,0.0
2025-02-10,9,6,66.67
2025-02-11,5,1,20.0
2025-02-12,2,0,0.0
2025-02-13,9,5,55.56
2025-02-14,5,4,80.0
2025-02-15,0,0,0.0
2025-02-16,9,9,100.0
2025-02-17,2,2,100.0
2025-02-18,3,3,100.0
2025-02-19,8,4,50.0
2025-02-20,2,1,50.0
2025-02-21,0,0,0.0
2025-02-22,0,0,0.0
2025-02-23,9,3,33.33
2025-02-24,41,17,41.46
2025-02-25,16,8,50.00